Workbook

Sheet Equipment
A1: ID | B1: IconKey | C1: Grade | D1: Name | E1: EquipPart | F1: Tier | G1: MainStatPoolID | H1: SubStatPoolID | I1: Description
A2: 10000 | B2: ="Equipment_Icon_" & E2 & "_" & "Tier" & F2 -> Equipment_Icon_Hat_Tier1 | C2: {=_xlfn.IFS(F2<=2, "Common", F2<=4, "Uncommon", F2<=6, "Rare", F2<=8, "Epic", F2=9, "Legendary", F2>=10, "Mythic")} -> Common | D2: 무지캡모자 | E2: Hat | F2: 1 | G2: =1000+(F2*100)+VLOOKUP(E2,EquipPartMapping!$A:$B,2,FALSE) -> 1101 | H2: =VLOOKUP(F2,TierMapping!$A:$B,2,FALSE) -> 2101 | I2: 스포츠웨어 브랜드, <서벌>에서 출시한 남색의 무지 캡모자. 다양한 종류의 배지를 달아 개성을 강조할 수 있기 때문에 패션용으로도 애용되고 있다.
A3: 10001 | B3: ="Equipment_Icon_" & E3 & "_" & "Tier" & F3 -> Equipment_Icon_Hat_Tier2 | C3: {=_xlfn.IFS(F3<=2, "Common", F3<=4, "Uncommon", F3<=6, "Rare", F3<=8, "Epic", F3=9, "Legendary", F3>=10, "Mythic")} -> Common | D3: 니트 털모자 | E3: Hat | F3: 2 | G3: =1000+(F3*100)+VLOOKUP(E3,EquipPartMapping!$A:$B,2,FALSE) -> 1201 | H3: =VLOOKUP(F3,TierMapping!$A:$B,2,FALSE) -> 2201 | I3: 아웃도어 브랜드, <마나슬루>에서 여고생들을 겨냥하여 만든 니트 털모자. 보온성은 다소 떨어지지만 귀여운 디자인 덕분에 인기가 높다.
A4: 10002 | B4: ="Equipment_Icon_" & E4 & "_" & "Tier" & F4 -> Equipment_Icon_Hat_Tier3 | C4: {=_xlfn.IFS(F4<=2, "Common", F4<=4, "Uncommon", F4<=6, "Rare", F4<=8, "Epic", F4=9, "Legendary", F4>=10, "Mythic")} -> Uncommon | D4: 빅 브라더 페도라 | E4: Hat | F4: 3 | G4: =1000+(F4*100)+VLOOKUP(E4,EquipPartMapping!$A:$B,2,FALSE) -> 1301 | H4: =VLOOKUP(F4,TierMapping!$A:$B,2,FALSE) -> 2301 | I4: <모모 프렌즈>의 캐릭터, 빅 브라더 인형이 달린 작은 페도라. 이 모자를 쓰면 갑자기 빅 브라더의 시선이 느껴진다고 한다.
A5: 10003 | B5: ="Equipment_Icon_" & E5 & "_" & "Tier" & F5 -> Equipment_Icon_Hat_Tier4 | C5: {=_xlfn.IFS(F5<=2, "Common", F5<=4, "Uncommon", F5<=6, "Rare", F5<=8, "Epic", F5=9, "Legendary", F5>=10, "Mythic")} -> Uncommon | D5: 리본 베레모 | E5: Hat | F5: 4 | G5: =1000+(F5*100)+VLOOKUP(E5,EquipPartMapping!$A:$B,2,FALSE) -> 1401 | H5: =VLOOKUP(F5,TierMapping!$A:$B,2,FALSE) -> 2401 | I5: 트리니티 학원의 교모로도 사용되는 흰색의 리본 베레모. 착용자의 말에 의하면 베레모의 볼륨감을 예쁘게 살리는 것이 생각보다 어렵다고 한다.
A6: 10004 | B6: ="Equipment_Icon_" & E6 & "_" & "Tier" & F6 -> Equipment_Icon_Hat_Tier5 | C6: {=_xlfn.IFS(F6<=2, "Common", F6<=4, "Uncommon", F6<=6, "Rare", F6<=8, "Epic", F6=9, "Legendary", F6>=10, "Mythic")} -> Rare | D6: 방탄 헬멧 | E6: Hat | F6: 5 | G6: =1000+(F6*100)+VLOOKUP(E6,EquipPartMapping!$A:$B,2,FALSE) -> 1501 | H6: =VLOOKUP(F6,TierMapping!$A:$B,2,FALSE) -> 2501 | I6: 머리를 향해 날아오는 온갖 물건을 막아낼 수 있는 튼튼한 방탄 헬멧. 외피는 부드러운 면 소재로 제작되어 패치 등을 붙여 꾸밀 수 있다.
A7: 10005 | B7: ="Equipment_Icon_" & E7 & "_" & "Tier" & F7 -> Equipment_Icon_Hat_Tier6 | C7: {=_xlfn.IFS(F7<=2, "Common", F7<=4, "Uncommon", F7<=6, "Rare", F7<=8, "Epic", F7=9, "Legendary", F7>=10, "Mythic")} -> Rare | D7: 프릴 미니 햇 | E7: Hat | F7: 6 | G7: =1000+(F7*100)+VLOOKUP(E7,EquipPartMapping!$A:$B,2,FALSE) -> 1601 | H7: =VLOOKUP(F7,TierMapping!$A:$B,2,FALSE) -> 2601 | I7: 화려한 프릴로 장식된 미니 햇. 챙 아래에 모자를 고정시키기 위한 작은 헤어핀이 숨겨져 있다.
A8: 10006 | B8: ="Equipment_Icon_" & E8 & "_" & "Tier" & F8 -> Equipment_Icon_Hat_Tier7 | C8: {=_xlfn.IFS(F8<=2, "Common", F8<=4, "Uncommon", F8<=6, "Rare", F8<=8, "Epic", F8=9, "Legendary", F8>=10, "Mythic")} -> Epic | D8: 버킷 햇 | E8: Hat | F8: 7 | G8: =1000+(F8*100)+VLOOKUP(E8,EquipPartMapping!$A:$B,2,FALSE) -> 1701 | H8: =VLOOKUP(F8,TierMapping!$A:$B,2,FALSE) -> 2701 | I8: 얼굴 윗부분을 내리덮는 버킷 햇. 마스크와 조합하면 얼굴의 노출을 최소한으로 할 수 있기 때문에 자외선 대책에도 OK.
A9: 10007 | B9: ="Equipment_Icon_" & E9 & "_" & "Tier" & F9 -> Equipment_Icon_Hat_Tier8 | C9: {=_xlfn.IFS(F9<=2, "Common", F9<=4, "Uncommon", F9<=6, "Rare", F9<=8, "Epic", F9=9, "Legendary", F9>=10, "Mythic")} -> Epic | D9: 리프 리본 페도라 | E9: Hat | F9: 8 | G9: =1000+(F9*100)+VLOOKUP(E9,EquipPartMapping!$A:$B,2,FALSE) -> 1801 | H9: =VLOOKUP(F9,TierMapping!$A:$B,2,FALSE) -> 2801 | I9: 나뭇잎 장식이 리본 모양으로 꽂혀 있는 패브릭 페도라. 휴양지 패션에 잘 어울린다.
A10: 10008 | B10: ="Equipment_Icon_" & E10 & "_" & "Tier" & F10 -> Equipment_Icon_Hat_Tier9 | C10: {=_xlfn.IFS(F10<=2, "Common", F10<=4, "Uncommon", F10<=6, "Rare", F10<=8, "Epic", F10=9, "Legendary", F10>=10, "Mythic")} -> Legendary | D10: 세일러 햇 | E10: Hat | F10: 9 | G10: =1000+(F10*100)+VLOOKUP(E10,EquipPartMapping!$A:$B,2,FALSE) -> 1901 | H10: =VLOOKUP(F10,TierMapping!$A:$B,2,FALSE) -> 2901 | I10: 줄무늬로 가볍게 포인트를 준 흰색 세일러 햇. 심플한 디자인의 이 모자는 오디세이아 해양학원의 교모로도 사용되고 있다.
A11: 10009 | B11: ="Equipment_Icon_" & E11 & "_" & "Tier" & F11 -> Equipment_Icon_Hat_Tier10 | C11: {=_xlfn.IFS(F11<=2, "Common", F11<=4, "Uncommon", F11<=6, "Rare", F11<=8, "Epic", F11=9, "Legendary", F11>=10, "Mythic")} -> Mythic | D11: 게이밍 헬멧 | E11: Hat | F11: 10 | G11: =1000+(F11*100)+VLOOKUP(E11,EquipPartMapping!$A:$B,2,FALSE) -> 2001 | H11: =VLOOKUP(F11,TierMapping!$A:$B,2,FALSE) -> 3001 | I11: 음료수를 장착할 수 있는 모자. 빨대가 달려 있어 게임 중에도 손을 쓰지 않고 음료를 섭취할 수 있다.
A12: 10010 | B12: ="Equipment_Icon_" & E12 & "_" & "Tier" & F12 -> Equipment_Icon_Gloves_Tier1 | C12: {=_xlfn.IFS(F12<=2, "Common", F12<=4, "Uncommon", F12<=6, "Rare", F12<=8, "Epic", F12=9, "Legendary", F12>=10, "Mythic")} -> Common | D12: 스포츠용 장갑 | E12: Gloves | F12: 1 | G12: =1000+(F12*100)+VLOOKUP(E12,EquipPartMapping!$A:$B,2,FALSE) -> 1102 | H12: =VLOOKUP(F12,TierMapping!$A:$B,2,FALSE) -> 2101 | I12: 쉽게 미끄러지지 않도록 울퉁불퉁한 겉감을 안쪽에 덧댄 스포츠용 장갑. 재질에 난연소재가 섞여있어 뜨거운 총신을 만질 때도 안심할 수 있다.
A13: 10011 | B13: ="Equipment_Icon_" & E13 & "_" & "Tier" & F13 -> Equipment_Icon_Gloves_Tier2 | C13: {=_xlfn.IFS(F13<=2, "Common", F13<=4, "Uncommon", F13<=6, "Rare", F13<=8, "Epic", F13=9, "Legendary", F13>=10, "Mythic")} -> Common | D13: 니트 벙어리 장갑 | E13: Gloves | F13: 2 | G13: =1000+(F13*100)+VLOOKUP(E13,EquipPartMapping!$A:$B,2,FALSE) -> 1202 | H13: =VLOOKUP(F13,TierMapping!$A:$B,2,FALSE) -> 2201 | I13: 아웃도어 브랜드, <마나슬루>에서 여고생들을 겨냥하여 만든 니트 벙어리 장갑. 보온성은 다소 떨어지지만 귀여운 디자인 덕분에 인기가 높다.
... A91: 10089 | B91: ="Equipment_Icon_" & E91 & "_" & "Tier" & F91 -> Equipment_Icon_Watch_Tier10 | C91: {=_xlfn.IFS(F91<=2, "Common", F91<=4, "Uncommon", F91<=6, "Rare", F91<=8, "Epic", F91=9, "Legendary", F91>=10, "Mythic")} -> Mythic | D91: 스크린 워치 | E91: Watch | F91: 10 | G91: =1000+(F91*100)+VLOOKUP(E91,EquipPartMapping!$A:$B,2,FALSE) -> 2004 | H91: =VLOOKUP(F91,TierMapping!$A:$B,2,FALSE) -> 3001 | I91: 터치 스크린이 탑재된 시계. 온갖 게임을 포팅해 구동시킬 수 있지만, 성능은 구동에 의의를 둬야 할 수준이다.

Sheet EquipmentUpgradeCost
A1: Level | B1: EnhancementCost
A2: 1 | B2: 100
A3: 2 | B3: 200
A4: 3 | B4: 400
A5: 4 | B5: 600
A6: 5 | B6: 800
A7: 6 | B7: 1000
A8: 7 | B8: 1300
A9: 8 | B9: 1800
A10: 9 | B10: 2300
A11: 10 | B11: 2600
A12: 11 | B12: 3300
A13: 12 | B13: 4000
... A16: 15 | B16: 8000

Sheet StatPool
A1: PoolID | B1: StatType | C1: Weight | D1: BaseValue | E1: UpgradeMinValue | F1: UpgradeMaxValue | G1: Note
A2: 1101 | B2: MaxHP_Flat | C2: 1000 | D2: 100 | E2: 25 | F2: 25 | G2: [Tier1 Charm/Hat] 깡체력 고정
A3: 1102 | B3: Attack_Flat | C3: 1000 | D3: 10 | E3: 3 | F3: 3 | G3: [Tier1 Gloves] 깡공격 고정
A4: 1103 | B4: MaxHP_Percent | C4: 260 | D4: 0.05 | E4: 0.01 | F4: 0.01 | G4: [Tier1 General Random] 일반 랜덤 메인
A5: 1103 | B5: Attack_Percent | C5: 260 | D5: 0.05 | E5: 0.01 | F5: 0.01 | G5: [Tier1 General Random] 일반 랜덤 메인
A6: 1103 | B6: Defense_Percent | C6: 260 | D6: 0.06 | E6: 0.012 | F6: 0.012 | G6: [Tier1 General Random] 일반 랜덤 메인
A7: 1103 | B7: CritRate | C7: 110 | D7: 0.03 | E7: 0.008 | F7: 0.008 | G7: [Tier1 General Random] 일반 랜덤 메인
A8: 1103 | B8: CritDamage | C8: 110 | D8: 0.05 | E8: 0.012 | F8: 0.012 | G8: [Tier1 General Random] 일반 랜덤 메인
A9: 1104 | B9: MaxHP_Percent | C9: 250 | D9: 0.05 | E9: 0.01 | F9: 0.01 | G9: [Tier1 Watch Random] 시계 전용 메인 (에너지 5%)
A10: 1104 | B10: Attack_Percent | C10: 250 | D10: 0.05 | E10: 0.01 | F10: 0.01 | G10: [Tier1 Watch Random] 시계 전용 메인 (에너지 5%)
A11: 1104 | B11: Defense_Percent | C11: 250 | D11: 0.06 | E11: 0.012 | F11: 0.012 | G11: [Tier1 Watch Random] 시계 전용 메인 (에너지 5%)
A12: 1104 | B12: CritRate | C12: 100 | D12: 0.03 | E12: 0.008 | F12: 0.008 | G12: [Tier1 Watch Random] 시계 전용 메인 (에너지 5%)
A13: 1104 | B13: CritDamage | C13: 100 | D13: 0.05 | E13: 0.012 | F13: 0.012 | G13: [Tier1 Watch Random] 시계 전용 메인 (에너지 5%)
... A231: 3001 | B231: CritDamage | C231: 3 | D231: 0.24 | E231: 0.048 | F231: 0.072 | G231: [Tier10 SubStat] 서브스탯 풀

Sheet GradeConfig
A1: Grade | B1: MaxLevel | C1: InitialSubStatCount
A2: Common | B2: 3 | C2: 0
A3: Uncommon | B3: 6 | C3: 0
A4: Rare | B4: 6 | C4: 2
A5: Epic | B5: 9 | C5: 3
A6: Legendary | B6: 12 | C6: 4
A7: Mythic | B7: 15 | C7: 4

Sheet Consumable
A1: ID | B1: IconKey | C1: Grade | D1: Name | E1: EffectValue | F1: Duration | G1: MaxStack | H1: Description
A2: 20000 | B2: Icon_Portion_HP | C2: Common | D2: HP 회복 포션 | E2: 50 | F2: 0 | G2: 999 | H2: HP를 50 회복

Sheet Material
A1: ID | B1: IconKey | C1: Grade | D1: Name | E1: Tier | F1: MaxStack | G1: Description
A2: 30000 | B2: Icon_WeaponUpgradeStone_Tier1 | C2: Common | D2: 하급 강화석 | E2: 1 | F2: 9999 | G2: 1~3레벨 무기 강화 재료
A3: 30001 | B3: Icon_WeaponUpgradeStone_Tier2 | C3: Uncommon | D3: 중급 강화석 | E3: 2 | F3: 9999 | G3: 4~7레벨 무기 강화 재료
A4: 30002 | B4: Icon_WeaponUpgradeStone_Tier3 | C4: Rare | D4: 상급 강화석 | E4: 3 | F4: 9999 | G4: 8~10레벨 무기 강화 재료
A5: 30003 | B5: Icon_EquipmentUpgradeBook_Tier1 | C5: Common | D5: 소형 전술 매뉴얼 | E5: 1 | F5: 9999 | G5: 전술 장비 강화 재료
A6: 30004 | B6: Icon_EquipmentUpgradeBook_Tier2 | C6: Uncommon | D6: 중형 전술 매뉴얼 | E6: 2 | F6: 9999 | G6: 전술 장비 강화 재료
A7: 30005 | B7: Icon_EquipmentUpgradeBook_Tier3 | C7: Rare | D7: 대형 전술 매뉴얼 | E7: 3 | F7: 9999 | G7: 전술 장비 강화 재료

Sheet EquipmentLevelExpData
A1: Level | B1: RequireExp
A2: 1 | B2: 200
A3: 2 | B3: 400
A4: 3 | B4: 600
A5: 4 | B5: 800
A6: 5 | B6: 1000
A7: 6 | B7: 1200
A8: 7 | B8: 1600
A9: 8 | B9: 2000
A10: 9 | B10: 2400
A11: 10 | B11: 3000
A12: 11 | B12: 3600
A13: 12 | B13: 4200
... A16: 15 | B16: 6000

Sheet EquipmentDecomposition
A1: Tier | B1: Mat1_ID | C1: Mat1_Count | D1: Mat2_ID | E1: Mat2_Count | F1: Mat3_ID | G1: Mat3_Count
A2: 1 | B2: 30003 | C2: =ROUND(2*A2,0) -> 2 | D2: 30004 | E2: =MAX(0,ROUND(A2-2,0)) -> 0 | F2: 30005 | G2: =MAX(0,ROUND((A2-5)/2,0)) -> 0
A3: 2 | B3: 30003 | C3: =ROUND(2*A3,0) -> 4 | D3: 30004 | E3: =MAX(0,ROUND(A3-2,0)) -> 0 | F3: 30005 | G3: =MAX(0,ROUND((A3-5)/2,0)) -> 0
A4: 3 | B4: 30003 | C4: =ROUND(2*A4,0) -> 6 | D4: 30004 | E4: =MAX(0,ROUND(A4-2,0)) -> 1 | F4: 30005 | G4: =MAX(0,ROUND((A4-5)/2,0)) -> 0
A5: 4 | B5: 30003 | C5: =ROUND(2*A5,0) -> 8 | D5: 30004 | E5: =MAX(0,ROUND(A5-2,0)) -> 2 | F5: 30005 | G5: =MAX(0,ROUND((A5-5)/2,0)) -> 0
A6: 5 | B6: 30003 | C6: =ROUND(2*A6,0) -> 10 | D6: 30004 | E6: =MAX(0,ROUND(A6-2,0)) -> 3 | F6: 30005 | G6: =MAX(0,ROUND((A6-5)/2,0)) -> 0
A7: 6 | B7: 30003 | C7: =ROUND(2*A7,0) -> 12 | D7: 30004 | E7: =MAX(0,ROUND(A7-2,0)) -> 4 | F7: 30005 | G7: =MAX(0,ROUND((A7-5)/2,0)) -> 1
A8: 7 | B8: 30003 | C8: =ROUND(2*A8,0) -> 14 | D8: 30004 | E8: =MAX(0,ROUND(A8-2,0)) -> 5 | F8: 30005 | G8: =MAX(0,ROUND((A8-5)/2,0)) -> 1
A9: 8 | B9: 30003 | C9: =ROUND(2*A9,0) -> 16 | D9: 30004 | E9: =MAX(0,ROUND(A9-2,0)) -> 6 | F9: 30005 | G9: =MAX(0,ROUND((A9-5)/2,0)) -> 2
A10: 9 | B10: 30003 | C10: =ROUND(2*A10,0) -> 18 | D10: 30004 | E10: =MAX(0,ROUND(A10-2,0)) -> 7 | F10: 30005 | G10: =MAX(0,ROUND((A10-5)/2,0)) -> 2
A11: 10 | B11: 30003 | C11: =ROUND(2*A11,0) -> 20 | D11: 30004 | E11: =MAX(0,ROUND(A11-2,0)) -> 8 | F11: 30005 | G11: =MAX(0,ROUND((A11-5)/2,0)) -> 3

Sheet EquipPartMapping
A1: EquipPart | B1: PartCode | C1: Note
A2: Hat | B2: 1 | C2: Tier X Hat (X101)
A3: Charm | B3: 1 | C3: Tier X Charm (X101)
A4: Gloves | B4: 2 | C4: Tier X Gloves (X102)
A5: Necklace | B5: 3 | C5: Tier X General (X103)
A6: Shoes | B6: 3 | C6: Tier X General (X103)
A7: Bag | B7: 3 | C7: Tier X General (X103)
A8: Badge | B8: 3 | C8: Tier X General (X103)
A9: Hairpin | B9: 3 | C9: Tier X General (X103)
A10: Watch | B10: 4 | C10: Tier X Watch (X104)

Sheet TierMapping
A1: Tier | B1: SubStatPoolID | C1: Note
A2: 1 | B2: 2101 | C2: [Tier1 SubStat]
A3: 2 | B3: 2201 | C3: [Tier2 SubStat]
A4: 3 | B4: 2301 | C4: [Tier3 SubStat]
A5: 4 | B5: 2401 | C5: [Tier4 SubStat]
A6: 5 | B6: 2501 | C6: [Tier5 SubStat]
A7: 6 | B7: 2601 | C7: [Tier6 SubStat]
A8: 7 | B8: 2701 | C8: [Tier7 SubStat]
A9: 8 | B9: 2801 | C9: [Tier8 SubStat]
A10: 9 | B10: 2901 | C10: [Tier9 SubStat]
A11: 10 | B11: 3001 | C11: [Tier10 SubStat]

Sheet EquipmentUpgradeBookExp
A1: Mat_ID | B1: ExpValue
A2: 30003 | B2: 200
A3: 30004 | B3: 600
A4: 30005 | B4: 1800
